{"schemaVersion":16,"addons":[{"id":"{899DF1F8-2F43-4394-8315-37F6744E6319}","syncGUID":"x4QpQAQMqXAs","location":"app-global","version":"1.0.9.1","type":"extension","internalName":null,"updateURL":null,"updateKey":null,"optionsURL":null,"optionsType":null,"aboutURL":"chrome://newsfox/content/help/about.xhtml","iconURL":"chrome://newsfox/skin/newsfox-32.png","icon64URL":null,"defaultLocale":{"name":"NewsFox","description":"RSS/Atom News Reader.","creator":"Andy Frank","homepageURL":"http://newsfox.mozdev.org/","contributors":["Andrey Gromyko","Ron Pruitt"]},"visible":true,"active":false,"userDisabled":true,"appDisabled":false,"descriptor":"C:\\Mod\\ClearMod\\browser\\extensions\\{899DF1F8-2F43-4394-8315-37F6744E6319}.xpi","installDate":1426181465185,"updateDate":1426181465185,"applyBackgroundUpdates":1,"bootstrap":false,"size":942467,"sourceURI":null,"releaseNotesURI":null,"softDisabled":false,"foreignInstall":true,"hasBinaryComponents":false,"strictCompatibility":false,"locales":[],"targetApplications":[{"id":"{ec8030f7-c20a-464f-9b0e-13a3a9e97384}","minVersion":"2.0","maxVersion":"32.0a1"},{"id":"{944df56f-c0ec-4d7b-94b6-f625c8cc96ea}","minVersion":"1.5","maxVersion":"75.0"},{"id":"{92650c4d-4b8e-4d2a-b7eb-24ecf4f6b63a}","minVersion":"2.0","maxVersion":"2.29a1"}],"targetPlatforms":[]},{"id":"{d10d0bf8-f5b5-c8b4-a8b2-2b9879e08c5d}","syncGUID":"UHE9PY1WN_Gf","location":"app-global","version":"2.6.7","type":"extension","internalName":null,"updateURL":null,"updateKey":null,"optionsURL":"chrome://adblockplus/content/ui/settings.xul","optionsType":"2","aboutURL":null,"iconURL":null,"icon64URL":null,"defaultLocale":{"name":"Adblock Plus","description":"Ads were yesterday!","creator":"Wladimir Palant","homepageURL":"http://adblockplus.org/","contributors":["Claude Lespagnol aka Efdur","Nickolay Ponomarev","Kevin Keller","Fabrice Desré","Hubird","Günther Beyer (opoloo.de)","Algimantas Margevičius","anonymous74100","BsT","Crits","Famlam","fanboy","heradhis","Jiefei","John","Khrin","Lain_13","Li","Lian","MenetZ","MonztA","smed79","tomasko126","Zoso","Александър Станев"]},"visible":true,"active":true,"userDisabled":false,"appDisabled":false,"descriptor":"C:\\Mod\\ClearMod\\browser\\extensions\\{d10d0bf8-f5b5-c8b4-a8b2-2b9879e08c5d}.xpi","installDate":1424084634328,"updateDate":1424084634328,"applyBackgroundUpdates":1,"bootstrap":true,"size":1285005,"sourceURI":null,"releaseNotesURI":null,"softDisabled":false,"foreignInstall":true,"hasBinaryComponents":false,"strictCompatibility":false,"locales":[{"locales":["ar"],"name":"آدبلوك بلس","description":"الإعلانات أصبحت من الأمس!","creator":"Wladimir Palant","homepageURL":"http://adblockplus.org/ar/","translators":["فلاديمير بلنت"],"contributors":["Claude Lespagnol aka Efdur","Nickolay Ponomarev","Kevin Keller","Fabrice Desré","Hubird","Günther Beyer (opoloo.de)","Algimantas Margevičius","anonymous74100","BsT","Crits","Famlam","fanboy","heradhis","Jiefei","John","Khrin","Lain_13","Li","Lian","MenetZ","MonztA","smed79","tomasko126","Zoso","Александър Станев"]},{"locales":["bg"],"name":"Adblock Plus","description":"Рекламите са минало!","creator":"Wladimir Palant","homepageURL":"http://adblockplus.org/","translators":["Николай Филипов"],"contributors":["Claude Lespagnol aka Efdur","Nickolay Ponomarev","Kevin Keller","Fabrice Desré","Hubird","Günther Beyer (opoloo.de)","Algimantas Margevičius","anonymous74100","BsT","Crits","Famlam","fanboy","heradhis","Jiefei","John","Khrin","Lain_13","Li","Lian","MenetZ","MonztA","smed79","tomasko126","Zoso","Александър Станев"]},{"locales":["ca"],"name":"AdBlock Plus","description":"Els anuncis eren ahir","creator":"Wladimir Palant","homepageURL":"http://adblockplus.org/","translators":["BennyBeat","CatTranslations","el_libre","Toni Barrera"],"contributors":["Claude Lespagnol aka Efdur","Nickolay Ponomarev","Kevin Keller","Fabrice Desré","Hubird","Günther Beyer (opoloo.de)","Algimantas Margevičius","anonymous74100","BsT","Crits","Famlam","fanboy","heradhis","Jiefei","John","Khrin","Lain_13","Li","Lian","MenetZ","MonztA","smed79","tomasko126","Zoso","Александър Станев"]},{"locales":["cs"],"name":"Adblock Plus","description":"A reklamy jsou minulostí!","creator":"Wladimir Palant","homepageURL":"http://adblockplus.org/","translators":["Jakub Tománek"],"contributors":["Claude Lespagnol aka Efdur","Nickolay Ponomarev","Kevin Keller","Fabrice Desré","Hubird","Günther Beyer (opoloo.de)","Algimantas Margevičius","anonymous74100","BsT","Crits","Famlam","fanboy","heradhis","Jiefei","John","Khrin","Lain_13","Li","Lian","MenetZ","MonztA","smed79","tomasko126","Zoso","Александър Станев"]},{"locales":["cy"],"name":"Adblock Plus","description":"Mae hysbysebion yn perthyn i'r oes o'r blaen!","creator":"Wladimir Palant","homepageURL":"http://adblockplus.org/","translators":["Ciaran S","Wladimir Palant"],"contributors":["Claude Lespagnol aka Efdur","Nickolay Ponomarev","Kevin Keller","Fabrice Desré","Hubird","Günther Beyer (opoloo.de)","Algimantas Margevičius","anonymous74100","BsT","Crits","Famlam","fanboy","heradhis","Jiefei","John","Khrin","Lain_13","Li","Lian","MenetZ","MonztA","smed79","tomasko126","Zoso","Александър Станев"]},{"locales":["da"],"name":"Adblock Plus","description":"Reklamer er fortid!","creator":"Wladimir Palant","homepageURL":"http://adblockplus.org/","translators":["AlleyKat","Regmos"],"contributors":["Claude Lespagnol aka Efdur","Nickolay Ponomarev","Kevin Keller","Fabrice Desré","Hubird","Günther Beyer (opoloo.de)","Algimantas Margevičius","anonymous74100","BsT","Crits","Famlam","fanboy","heradhis","Jiefei","John","Khrin","Lain_13","Li","Lian","MenetZ","MonztA","smed79","tomasko126","Zoso","Александър Станев"]},{"locales":["de"],"name":"Adblock Plus","description":"Werbung war gestern!","creator":"Wladimir Palant","homepageURL":"http://adblockplus.org/de/","translators":["Wladimir Palant"],"contributors":["Claude Lespagnol aka Efdur","Nickolay Ponomarev","Kevin Keller","Fabrice Desré","Hubird","Günther Beyer (opoloo.de)","Algimantas Margevičius","anonymous74100","BsT","Crits","Famlam","fanboy","heradhis","Jiefei","John","Khrin","Lain_13","Li","Lian","MenetZ","MonztA","smed79","tomasko126","Zoso","Александър Станев"]},{"locales":["dsb"],"name":"Adblock Plus","description":"Wabjenje jo cora było!","creator":"Wladimir Palant","homepageURL":"http://adblockplus.org/","translators":["milupo"],"contributors":["Claude Lespagnol aka Efdur","Nickolay Ponomarev","Kevin Keller","Fabrice Desré","Hubird","Günther Beyer (opoloo.de)","Algimantas Margevičius","anonymous74100","BsT","Crits","Famlam","fanboy","heradhis","Jiefei","John","Khrin","Lain_13","Li","Lian","MenetZ","MonztA","smed79","tomasko126","Zoso","Александър Станев"]},{"locales":["el"],"name":"Adblock Plus","description":"Αφήστε τις διαφημίσεις στο χθες!","creator":"Wladimir Palant","homepageURL":"http://adblockplus.org/","translators":["rookie"],"contributors":["Claude Lespagnol aka Efdur","Nickolay Ponomarev","Kevin Keller","Fabrice Desré","Hubird","Günther Beyer (opoloo.de)","Algimantas Margevičius","anonymous74100","BsT","Crits","Famlam","fanboy","heradhis","Jiefei","John","Khrin","Lain_13","Li","Lian","MenetZ","MonztA","smed79","tomasko126","Zoso","Александър Станев"]},{"locales":["en-GB"],"name":"Adblock Plus","description":"Ads were yesterday!","creator":"Wladimir Palant","homepageURL":"http://adblockplus.org/en/","translators":["Mark Tyndall"],"contributors":["Claude Lespagnol aka Efdur","Nickolay Ponomarev","Kevin Keller","Fabrice Desré","Hubird","Günther Beyer (opoloo.de)","Algimantas Margevičius","anonymous74100","BsT","Crits","Famlam","fanboy","heradhis","Jiefei","John","Khrin","Lain_13","Li","Lian","MenetZ","MonztA","smed79","tomasko126","Zoso","Александър Станев"]},{"locales":["en-US"],"name":"Adblock Plus","description":"Ads were yesterday!","creator":"Wladimir Palant","homepageURL":"http://adblockplus.org/en/","translators":["Wladimir Palant"],"contributors":["Claude Lespagnol aka Efdur","Nickolay Ponomarev","Kevin Keller","Fabrice Desré","Hubird","Günther Beyer (opoloo.de)","Algimantas Margevičius","anonymous74100","BsT","Crits","Famlam","fanboy","heradhis","Jiefei","John","Khrin","Lain_13","Li","Lian","MenetZ","MonztA","smed79","tomasko126","Zoso","Александър Станев"]},{"locales":["eo"],"name":"Adblock Plus","description":"Reklamoj estis hieraŭ!","creator":"Wladimir Palant","homepageURL":"http://adblockplus.org/","translators":["Wladimir PALANT"],"contributors":["Claude Lespagnol aka Efdur","Nickolay Ponomarev","Kevin Keller","Fabrice Desré","Hubird","Günther Beyer (opoloo.de)","Algimantas Margevičius","anonymous74100","BsT","Crits","Famlam","fanboy","heradhis","Jiefei","John","Khrin","Lain_13","Li","Lian","MenetZ","MonztA","smed79","tomasko126","Zoso","Александър Станев"]},{"locales":["es-AR"],"name":"Adblock Plus","description":"¡La publicidad es cosa del pasado!","creator":"Wladimir Palant","homepageURL":"http://adblockplus.org/es/","translators":["KNTRO"],"contributors":["Claude Lespagnol aka Efdur","Nickolay Ponomarev","Kevin Keller","Fabrice Desré","Hubird","Günther Beyer (opoloo.de)","Algimantas Margevičius","anonymous74100","BsT","Crits","Famlam","fanboy","heradhis","Jiefei","John","Khrin","Lain_13","Li","Lian","MenetZ","MonztA","smed79","tomasko126","Zoso","Александър Станев"]},{"locales":["es-ES"],"name":"Adblock Plus","description":"La publicidad es cosa del ayer","creator":"Wladimir Palant","homepageURL":"http://adblockplus.org/es/","translators":["Urko"],"contributors":["Claude Lespagnol aka Efdur","Nickolay Ponomarev","Kevin Keller","Fabrice Desré","Hubird","Günther Beyer (opoloo.de)","Algimantas Margevičius","anonymous74100","BsT","Crits","Famlam","fanboy","heradhis","Jiefei","John","Khrin","Lain_13","Li","Lian","MenetZ","MonztA","smed79","tomasko126","Zoso","Александър Станев"]},{"locales":["es-MX"],"name":"Adblock Plus","description":"Los Anuncios son cosa del Ayer!","creator":"Wladimir Palant","homepageURL":"http://adblockplus.org/es/","translators":["Francisco Alvarado","Ninnetyer","poz2k4444"],"contributors":["Claude Lespagnol aka Efdur","Nickolay Ponomarev","Kevin Keller","Fabrice Desré","Hubird","Günther Beyer (opoloo.de)","Algimantas Margevičius","anonymous74100","BsT","Crits","Famlam","fanboy","heradhis","Jiefei","John","Khrin","Lain_13","Li","Lian","MenetZ","MonztA","smed79","tomasko126","Zoso","Александър Станев"]},{"locales":["et"],"name":"Adblock Plus","description":"Reklaamid on nüüd eilne päev!","creator":"Wladimir Palant","homepageURL":"http://adblockplus.org/","translators":["Aivo Kuhlberg"],"contributors":["Claude Lespagnol aka Efdur","Nickolay Ponomarev","Kevin Keller","Fabrice Desré","Hubird","Günther Beyer (opoloo.de)","Algimantas Margevičius","anonymous74100","BsT","Crits","Famlam","fanboy","heradhis","Jiefei","John","Khrin","Lain_13","Li","Lian","MenetZ","MonztA","smed79","tomasko126","Zoso","Александър Станев"]},{"locales":["eu"],"name":"Adblock Plus","description":"Iragarkiak atzoko kontuak dira!","creator":"Wladimir Palant","homepageURL":"http://adblockplus.org/","translators":["Librezale.org"],"contributors":["Claude Lespagnol aka Efdur","Nickolay Ponomarev","Kevin Keller","Fabrice Desré","Hubird","Günther Beyer (opoloo.de)","Algimantas Margevičius","anonymous74100","BsT","Crits","Famlam","fanboy","heradhis","Jiefei","John","Khrin","Lain_13","Li","Lian","MenetZ","MonztA","smed79","tomasko126","Zoso","Александър Станев"]},{"locales":["fa"],"name":"Adblock Plus","description":"تبلیغت متعلق به دیروز بود!","creator":"Wladimir Palant","homepageURL":"http://adblockplus.org/","translators":["از طرف Wladimir Palant"],"contributors":["Claude Lespagnol aka Efdur","Nickolay Ponomarev","Kevin Keller","Fabrice Desré","Hubird","Günther Beyer (opoloo.de)","Algimantas Margevičius","anonymous74100","BsT","Crits","Famlam","fanboy","heradhis","Jiefei","John","Khrin","Lain_13","Li","Lian","MenetZ","MonztA","smed79","tomasko126","Zoso","Александър Станев"]},{"locales":["fi"],"name":"Adblock Plus","description":"Mainokset ovat menneisyyttä!","creator":"Wladimir Palant","homepageURL":"http://adblockplus.org/","translators":["haavu","Joni Heinonen"],"contributors":["Claude Lespagnol aka Efdur","Nickolay Ponomarev","Kevin Keller","Fabrice Desré","Hubird","Günther Beyer (opoloo.de)","Algimantas Margevičius","anonymous74100","BsT","Crits","Famlam","fanboy","heradhis","Jiefei","John","Khrin","Lain_13","Li","Lian","MenetZ","MonztA","smed79","tomasko126","Zoso","Александър Станев"]},{"locales":["fr"],"name":"Adblock Plus","description":"Les publicités, c'est du passé !","creator":"Wladimir Palant","homepageURL":"http://adblockplus.org/fr/","translators":["Dagobert_78","Jim Courbron","jojaba","pirlouy"],"contributors":["Claude Lespagnol aka Efdur","Nickolay Ponomarev","Kevin Keller","Fabrice Desré","Hubird","Günther Beyer (opoloo.de)","Algimantas Margevičius","anonymous74100","BsT","Crits","Famlam","fanboy","heradhis","Jiefei","John","Khrin","Lain_13","Li","Lian","MenetZ","MonztA","smed79","tomasko126","Zoso","Александър Станев"]},{"locales":["fy-NL"],"name":"Adblock Plus","description":"Fan no ôf gjin reklames mear!","creator":"Wladimir Palant","homepageURL":"http://adblockplus.org/","translators":["Wim Benes"],"contributors":["Claude Lespagnol aka Efdur","Nickolay Ponomarev","Kevin Keller","Fabrice Desré","Hubird","Günther Beyer (opoloo.de)","Algimantas Margevičius","anonymous74100","BsT","Crits","Famlam","fanboy","heradhis","Jiefei","John","Khrin","Lain_13","Li","Lian","MenetZ","MonztA","smed79","tomasko126","Zoso","Александър Станев"]},{"locales":["gl"],"name":"Adblock Plus","description":"A publicidade é o que lle doe!","creator":"Wladimir Palant","homepageURL":"http://adblockplus.org/","translators":["Jesús Olano","Manuel Meixide"],"contributors":["Claude Lespagnol aka Efdur","Nickolay Ponomarev","Kevin Keller","Fabrice Desré","Hubird","Günther Beyer (opoloo.de)","Algimantas Margevičius","anonymous74100","BsT","Crits","Famlam","fanboy","heradhis","Jiefei","John","Khrin","Lain_13","Li","Lian","MenetZ","MonztA","smed79","tomasko126","Zoso","Александър Станев"]},{"locales":["he"],"name":"Adblock Plus","description":"הפרסומות שייכות לעבר!","creator":"Wladimir Palant","homepageURL":"http://adblockplus.org/he/","translators":["catcat","SiiiE"],"contributors":["Claude Lespagnol aka Efdur","Nickolay Ponomarev","Kevin Keller","Fabrice Desré","Hubird","Günther Beyer (opoloo.de)","Algimantas Margevičius","anonymous74100","BsT","Crits","Famlam","fanboy","heradhis","Jiefei","John","Khrin","Lain_13","Li","Lian","MenetZ","MonztA","smed79","tomasko126","Zoso","Александър Станев"]},{"locales":["hr"],"name":"Adblock Plus","description":"Reklame su prošlost!","creator":"Wladimir Palant","homepageURL":"http://adblockplus.org/","translators":["gogo"],"contributors":["Claude Lespagnol aka Efdur","Nickolay Ponomarev","Kevin Keller","Fabrice Desré","Hubird","Günther Beyer (opoloo.de)","Algimantas Margevičius","anonymous74100","BsT","Crits","Famlam","fanboy","heradhis","Jiefei","John","Khrin","Lain_13","Li","Lian","MenetZ","MonztA","smed79","tomasko126","Zoso","Александър Станев"]},{"locales":["hsb"],"name":"Adblock Plus","description":"Reklama bě wčera!","creator":"Wladimir Palant","homepageURL":"http://adblockplus.org/","translators":["Milupo"],"contributors":["Claude Lespagnol aka Efdur","Nickolay Ponomarev","Kevin Keller","Fabrice Desré","Hubird","Günther Beyer (opoloo.de)","Algimantas Margevičius","anonymous74100","BsT","Crits","Famlam","fanboy","heradhis","Jiefei","John","Khrin","Lain_13","Li","Lian","MenetZ","MonztA","smed79","tomasko126","Zoso","Александър Станев"]},{"locales":["hu"],"name":"Adblock Plus","description":"A reklám a múlté!","creator":"Wladimir Palant","homepageURL":"http://adblockplus.org/","translators":["Gárdonyi László","Mikes Kaszmán István"],"contributors":["Claude Lespagnol aka Efdur","Nickolay Ponomarev","Kevin Keller","Fabrice Desré","Hubird","Günther Beyer (opoloo.de)","Algimantas Margevičius","anonymous74100","BsT","Crits","Famlam","fanboy","heradhis","Jiefei","John","Khrin","Lain_13","Li","Lian","MenetZ","MonztA","smed79","tomasko126","Zoso","Александър Станев"]},{"locales":["hy-AM"],"name":"Adblock Plus","description":"Գովազդները երեկ էին!","creator":"Wladimir Palant","homepageURL":"http://adblockplus.org/","translators":["iAbaS"],"contributors":["Claude Lespagnol aka Efdur","Nickolay Ponomarev","Kevin Keller","Fabrice Desré","Hubird","Günther Beyer (opoloo.de)","Algimantas Margevičius","anonymous74100","BsT","Crits","Famlam","fanboy","heradhis","Jiefei","John","Khrin","Lain_13","Li","Lian","MenetZ","MonztA","smed79","tomasko126","Zoso","Александър Станев"]},{"locales":["id"],"name":"Adblock Plus","description":"Iklan sudah menjadi masa lalu!","creator":"Wladimir Palant","homepageURL":"http://adblockplus.org/","translators":["RudzLong","William Surya Permana","Wladimir Palant"],"contributors":["Claude Lespagnol aka Efdur","Nickolay Ponomarev","Kevin Keller","Fabrice Desré","Hubird","Günther Beyer (opoloo.de)","Algimantas Margevičius","anonymous74100","BsT","Crits","Famlam","fanboy","heradhis","Jiefei","John","Khrin","Lain_13","Li","Lian","MenetZ","MonztA","smed79","tomasko126","Zoso","Александър Станев"]},{"locales":["is"],"name":"Adblock Plus","description":"Auglýsingar eru hluti af fortíðinni!","creator":"Wladimir Palant","homepageURL":"http://adblockplus.org/","translators":["Kristján Bjarni Guðmundsson"],"contributors":["Claude Lespagnol aka Efdur","Nickolay Ponomarev","Kevin Keller","Fabrice Desré","Hubird","Günther Beyer (opoloo.de)","Algimantas Margevičius","anonymous74100","BsT","Crits","Famlam","fanboy","heradhis","Jiefei","John","Khrin","Lain_13","Li","Lian","MenetZ","MonztA","smed79","tomasko126","Zoso","Александър Станев"]},{"locales":["it"],"name":"Adblock Plus","description":"Permette di dire 'no' alla pubblicità presente nelle pagine web!","creator":"Wladimir Palant","homepageURL":"http://adblockplus.org/","translators":["Luana Di Muzio - BabelZilla"],"contributors":["Claude Lespagnol aka Efdur","Nickolay Ponomarev","Kevin Keller","Fabrice Desré","Hubird","Günther Beyer (opoloo.de)","Algimantas Margevičius","anonymous74100","BsT","Crits","Famlam","fanboy","heradhis","Jiefei","John","Khrin","Lain_13","Li","Lian","MenetZ","MonztA","smed79","tomasko126","Zoso","Александър Станев"]},{"locales":["ja"],"name":"Adblock Plus","description":"広告は過去の遺物です！","creator":"Wladimir Palant","homepageURL":"http://adblockplus.org/","translators":["Haebaru","k2jp","Premier","Shirayuki (alphabetical order)"],"contributors":["Claude Lespagnol aka Efdur","Nickolay Ponomarev","Kevin Keller","Fabrice Desré","Hubird","Günther Beyer (opoloo.de)","Algimantas Margevičius","anonymous74100","BsT","Crits","Famlam","fanboy","heradhis","Jiefei","John","Khrin","Lain_13","Li","Lian","MenetZ","MonztA","smed79","tomasko126","Zoso","Александър Станев"]},{"locales":["kk"],"name":"Adblock Plus","description":"Жарнамаға жол жоқ!","creator":"Wladimir Palant","homepageURL":"http://adblockplus.org/","translators":["Бауржан Муфтахидинов"],"contributors":["Claude Lespagnol aka Efdur","Nickolay Ponomarev","Kevin Keller","Fabrice Desré","Hubird","Günther Beyer (opoloo.de)","Algimantas Margevičius","anonymous74100","BsT","Crits","Famlam","fanboy","heradhis","Jiefei","John","Khrin","Lain_13","Li","Lian","MenetZ","MonztA","smed79","tomasko126","Zoso","Александър Станев"]},{"locales":["ko"],"name":"Adblock Plus","description":"인터넷 이용을 방해하거나 불법·유해한 광고의 차단!","creator":"Wladimir Palant","homepageURL":"http://adblockplus.org/ko/","translators":["Maybee"],"contributors":["Claude Lespagnol aka Efdur","Nickolay Ponomarev","Kevin Keller","Fabrice Desré","Hubird","Günther Beyer (opoloo.de)","Algimantas Margevičius","anonymous74100","BsT","Crits","Famlam","fanboy","heradhis","Jiefei","John","Khrin","Lain_13","Li","Lian","MenetZ","MonztA","smed79","tomasko126","Zoso","Александър Станев"]},{"locales":["lt"],"name":"Adblock Plus","description":"Reklamos tai praeitis!","creator":"Wladimir Palant","homepageURL":"http://adblockplus.org/","translators":["Algimantas Margevičius","Jonas Slivka"],"contributors":["Claude Lespagnol aka Efdur","Nickolay Ponomarev","Kevin Keller","Fabrice Desré","Hubird","Günther Beyer (opoloo.de)","Algimantas Margevičius","anonymous74100","BsT","Crits","Famlam","fanboy","heradhis","Jiefei","John","Khrin","Lain_13","Li","Lian","MenetZ","MonztA","smed79","tomasko126","Zoso","Александър Станев"]},{"locales":["lv"],"name":"Adblock Plus","description":"Reklāmas ir vakardiena!","creator":"Wladimir Palant","homepageURL":"http://adblockplus.org/","translators":["Džerijs Šterns","Janis-Marks Gailis","Klaids Borovs"],"contributors":["Claude Lespagnol aka Efdur","Nickolay Ponomarev","Kevin Keller","Fabrice Desré","Hubird","Günther Beyer (opoloo.de)","Algimantas Margevičius","anonymous74100","BsT","Crits","Famlam","fanboy","heradhis","Jiefei","John","Khrin","Lain_13","Li","Lian","MenetZ","MonztA","smed79","tomasko126","Zoso","Александър Станев"]},{"locales":["ms"],"name":"Adblock Plus","description":"Iklan hanyalah pada masa dulu!","creator":"Wladimir Palant","homepageURL":"http://adblockplus.org/","translators":["temperror"],"contributors":["Claude Lespagnol aka Efdur","Nickolay Ponomarev","Kevin Keller","Fabrice Desré","Hubird","Günther Beyer (opoloo.de)","Algimantas Margevičius","anonymous74100","BsT","Crits","Famlam","fanboy","heradhis","Jiefei","John","Khrin","Lain_13","Li","Lian","MenetZ","MonztA","smed79","tomasko126","Zoso","Александър Станев"]},{"locales":["nb-NO"],"name":"Adblock Plus","description":"Si farvel til reklame!","creator":"Wladimir Palant","homepageURL":"http://adblockplus.org/","translators":["Roy Skoglund"],"contributors":["Claude Lespagnol aka Efdur","Nickolay Ponomarev","Kevin Keller","Fabrice Desré","Hubird","Günther Beyer (opoloo.de)","Algimantas Margevičius","anonymous74100","BsT","Crits","Famlam","fanboy","heradhis","Jiefei","John","Khrin","Lain_13","Li","Lian","MenetZ","MonztA","smed79","tomasko126","Zoso","Александър Станев"]},{"locales":["nl"],"name":"Adblock Plus","description":"Reclames behoren tot het verleden!","creator":"Wladimir Palant","homepageURL":"http://adblockplus.org/","translators":["markh","Onno Ekker","pitdicker"],"contributors":["Claude Lespagnol aka Efdur","Nickolay Ponomarev","Kevin Keller","Fabrice Desré","Hubird","Günther Beyer (opoloo.de)","Algimantas Margevičius","anonymous74100","BsT","Crits","Famlam","fanboy","heradhis","Jiefei","John","Khrin","Lain_13","Li","Lian","MenetZ","MonztA","smed79","tomasko126","Zoso","Александър Станев"]},{"locales":["pl"],"name":"Adblock Plus","description":"Powiedz NIE! reklamom","creator":"Wladimir Palant","homepageURL":"http://adblockplus.org/","translators":["Leszek(teo)Życzkowski"],"contributors":["Claude Lespagnol aka Efdur","Nickolay Ponomarev","Kevin Keller","Fabrice Desré","Hubird","Günther Beyer (opoloo.de)","Algimantas Margevičius","anonymous74100","BsT","Crits","Famlam","fanboy","heradhis","Jiefei","John","Khrin","Lain_13","Li","Lian","MenetZ","MonztA","smed79","tomasko126","Zoso","Александър Станев"]},{"locales":["pt-BR"],"name":"Adblock Plus","description":"Propaganda indesejada é coisa do passado!","creator":"Wladimir Palant","homepageURL":"http://adblockplus.org/","translators":["Ajwsert","Mauro José da Silva","Teboga"],"contributors":["Claude Lespagnol aka Efdur","Nickolay Ponomarev","Kevin Keller","Fabrice Desré","Hubird","Günther Beyer (opoloo.de)","Algimantas Margevičius","anonymous74100","BsT","Crits","Famlam","fanboy","heradhis","Jiefei","John","Khrin","Lain_13","Li","Lian","MenetZ","MonztA","smed79","tomasko126","Zoso","Александър Станев"]},{"locales":["pt-PT"],"name":"Adblock Plus","description":"Publicidade ... já era!","creator":"Wladimir Palant","homepageURL":"http://adblockplus.org/","translators":["António Mendonça","Manuela Silva","Raúl Pimentel","Sérgio Marques"],"contributors":["Claude Lespagnol aka Efdur","Nickolay Ponomarev","Kevin Keller","Fabrice Desré","Hubird","Günther Beyer (opoloo.de)","Algimantas Margevičius","anonymous74100","BsT","Crits","Famlam","fanboy","heradhis","Jiefei","John","Khrin","Lain_13","Li","Lian","MenetZ","MonztA","smed79","tomasko126","Zoso","Александър Станев"]},{"locales":["ro"],"name":"Adblock Plus","description":"Elimină publicitatea din paginile web.","creator":"Wladimir Palant","homepageURL":"http://adblockplus.org/","translators":["ultravioletu"],"contributors":["Claude Lespagnol aka Efdur","Nickolay Ponomarev","Kevin Keller","Fabrice Desré","Hubird","Günther Beyer (opoloo.de)","Algimantas Margevičius","anonymous74100","BsT","Crits","Famlam","fanboy","heradhis","Jiefei","John","Khrin","Lain_13","Li","Lian","MenetZ","MonztA","smed79","tomasko126","Zoso","Александър Станев"]},{"locales":["ru"],"name":"Adblock Plus","description":"Скажи \"нет\" рекламе!","creator":"Wladimir Palant","homepageURL":"http://adblockplus.org/ru/","translators":["Wladimir Palant"],"contributors":["Claude Lespagnol aka Efdur","Nickolay Ponomarev","Kevin Keller","Fabrice Desré","Hubird","Günther Beyer (opoloo.de)","Algimantas Margevičius","anonymous74100","BsT","Crits","Famlam","fanboy","heradhis","Jiefei","John","Khrin","Lain_13","Li","Lian","MenetZ","MonztA","smed79","tomasko126","Zoso","Александър Станев"]},{"locales":["sk"],"name":"Adblock Plus","description":"Reklamy sú minulosťou!","creator":"Wladimir Palant","homepageURL":"http://adblockplus.org/","translators":["Ján Kendi (Jacen)"],"contributors":["Claude Lespagnol aka Efdur","Nickolay Ponomarev","Kevin Keller","Fabrice Desré","Hubird","Günther Beyer (opoloo.de)","Algimantas Margevičius","anonymous74100","BsT","Crits","Famlam","fanboy","heradhis","Jiefei","John","Khrin","Lain_13","Li","Lian","MenetZ","MonztA","smed79","tomasko126","Zoso","Александър Станев"]},{"locales":["sl"],"name":"Adblock Plus","description":"Oglasi so preteklost!","creator":"Wladimir Palant","homepageURL":"http://adblockplus.org/","translators":["Martin Srebotnjak"],"contributors":["Claude Lespagnol aka Efdur","Nickolay Ponomarev","Kevin Keller","Fabrice Desré","Hubird","Günther Beyer (opoloo.de)","Algimantas Margevičius","anonymous74100","BsT","Crits","Famlam","fanboy","heradhis","Jiefei","John","Khrin","Lain_13","Li","Lian","MenetZ","MonztA","smed79","tomasko126","Zoso","Александър Станев"]},{"locales":["sq"],"name":"Adblock Plus","description":"Reklamat jane e kaluara!","creator":"Wladimir Palant","homepageURL":"http://adblockplus.org/","translators":["Genti Ereqi"],"contributors":["Claude Lespagnol aka Efdur","Nickolay Ponomarev","Kevin Keller","Fabrice Desré","Hubird","Günther Beyer (opoloo.de)","Algimantas Margevičius","anonymous74100","BsT","Crits","Famlam","fanboy","heradhis","Jiefei","John","Khrin","Lain_13","Li","Lian","MenetZ","MonztA","smed79","tomasko126","Zoso","Александър Станев"]},{"locales":["sr"],"name":"Adblock Plus","description":"Огласи су прошлост!","creator":"Wladimir Palant","homepageURL":"http://adblockplus.org/","translators":["kapetance","ДакСРБИЈА"],"contributors":["Claude Lespagnol aka Efdur","Nickolay Ponomarev","Kevin Keller","Fabrice Desré","Hubird","Günther Beyer (opoloo.de)","Algimantas Margevičius","anonymous74100","BsT","Crits","Famlam","fanboy","heradhis","Jiefei","John","Khrin","Lain_13","Li","Lian","MenetZ","MonztA","smed79","tomasko126","Zoso","Александър Станев"]},{"locales":["sv-SE"],"name":"Adblock Plus","description":"Säg farväl till all reklam!","creator":"Wladimir Palant","homepageURL":"http://adblockplus.org/","translators":["Mikael Hiort af Ornäs","Stefan Lewitas"],"contributors":["Claude Lespagnol aka Efdur","Nickolay Ponomarev","Kevin Keller","Fabrice Desré","Hubird","Günther Beyer (opoloo.de)","Algimantas Margevičius","anonymous74100","BsT","Crits","Famlam","fanboy","heradhis","Jiefei","John","Khrin","Lain_13","Li","Lian","MenetZ","MonztA","smed79","tomasko126","Zoso","Александър Станев"]},{"locales":["th"],"name":"Adblock Plus","description":"ลาก่อนพวกโฆษณา!","creator":"Wladimir Palant","homepageURL":"http://adblockplus.org/","translators":["Anusuk Sangubon(Jaideejung007)","Ken"],"contributors":["Claude Lespagnol aka Efdur","Nickolay Ponomarev","Kevin Keller","Fabrice Desré","Hubird","Günther Beyer (opoloo.de)","Algimantas Margevičius","anonymous74100","BsT","Crits","Famlam","fanboy","heradhis","Jiefei","John","Khrin","Lain_13","Li","Lian","MenetZ","MonztA","smed79","tomasko126","Zoso","Александър Станев"]},{"locales":["tr"],"name":"Adblock Plus","description":"Reklamlar geçmişte kaldı!","creator":"Wladimir Palant","homepageURL":"http://adblockplus.org/","translators":["Ahmet Serkan Tıratacı"],"contributors":["Claude Lespagnol aka Efdur","Nickolay Ponomarev","Kevin Keller","Fabrice Desré","Hubird","Günther Beyer (opoloo.de)","Algimantas Margevičius","anonymous74100","BsT","Crits","Famlam","fanboy","heradhis","Jiefei","John","Khrin","Lain_13","Li","Lian","MenetZ","MonztA","smed79","tomasko126","Zoso","Александър Станев"]},{"locales":["uk"],"name":"Adblock Plus","description":"Скажи «НІ» рекламі!","creator":"Wladimir Palant","homepageURL":"http://adblockplus.org/","translators":["Тимофій Бабич"],"contributors":["Claude Lespagnol aka Efdur","Nickolay Ponomarev","Kevin Keller","Fabrice Desré","Hubird","Günther Beyer (opoloo.de)","Algimantas Margevičius","anonymous74100","BsT","Crits","Famlam","fanboy","heradhis","Jiefei","John","Khrin","Lain_13","Li","Lian","MenetZ","MonztA","smed79","tomasko126","Zoso","Александър Станев"]},{"locales":["vi"],"name":"Adblock Plus","description":"Quảng cáo đã là dĩ vãng!","creator":"Wladimir Palant","homepageURL":"http://adblockplus.org/","translators":["Knight Vegor","Nguyễn Mạnh Hùng","SITUVN"],"contributors":["Claude Lespagnol aka Efdur","Nickolay Ponomarev","Kevin Keller","Fabrice Desré","Hubird","Günther Beyer (opoloo.de)","Algimantas Margevičius","anonymous74100","BsT","Crits","Famlam","fanboy","heradhis","Jiefei","John","Khrin","Lain_13","Li","Lian","MenetZ","MonztA","smed79","tomasko126","Zoso","Александър Станев"]},{"locales":["zh-CN"],"name":"Adblock Plus","description":"广告已成往事！","creator":"Wladimir Palant","homepageURL":"https://adblockplus.org/zh_CN/","translators":["blackdire","YFdyh000"],"contributors":["Claude Lespagnol aka Efdur","Nickolay Ponomarev","Kevin Keller","Fabrice Desré","Hubird","Günther Beyer (opoloo.de)","Algimantas Margevičius","anonymous74100","BsT","Crits","Famlam","fanboy","heradhis","Jiefei","John","Khrin","Lain_13","Li","Lian","MenetZ","MonztA","smed79","tomasko126","Zoso","Александър Станев"]},{"locales":["zh-TW"],"name":"Adblock Plus","description":"廣告已成過去式！","creator":"Wladimir Palant","homepageURL":"https://adblockplus.org/zh_TW/","translators":["Jose Sun","knight00931"],"contributors":["Claude Lespagnol aka Efdur","Nickolay Ponomarev","Kevin Keller","Fabrice Desré","Hubird","Günther Beyer (opoloo.de)","Algimantas Margevičius","anonymous74100","BsT","Crits","Famlam","fanboy","heradhis","Jiefei","John","Khrin","Lain_13","Li","Lian","MenetZ","MonztA","smed79","tomasko126","Zoso","Александър Станев"]}],"targetApplications":[{"id":"{aa3c5121-dab2-40e2-81ca-7ea25febc110}","minVersion":"25.0","maxVersion":"38.0"},{"id":"{ec8030f7-c20a-464f-9b0e-13a3a9e97384}","minVersion":"24.0","maxVersion":"38.0"},{"id":"{92650c4d-4b8e-4d2a-b7eb-24ecf4f6b63a}","minVersion":"2.22","maxVersion":"2.35"},{"id":"{3550f703-e582-4d05-9a08-453d09bdfdc6}","minVersion":"25.0","maxVersion":"38.0"},{"id":"toolkit@mozilla.org","minVersion":"25.0","maxVersion":"38.0"}],"targetPlatforms":[]}]}