{
    "version ": 1,
    "sessions": [
        {
            "name": "Last Session",
            "windows": [
                {
                    "width": 941,
                    "height": 546,
                    "screenX": -45,
                    "screenY": 23,
                    "state": 3,
                    "tabs": [
                        {
                            "index": 2,
                            "scrollX": 0,
                            "scrollY": 0,
                            "entries": [
                                {
                                    "url": "https://www.shararam.ru/game",
                                    "title": "Шарарам"
                                },
                                {
                                    "url": "https://www.shararam.ru/game",
                                    "title": "Шарарам"
                                },
                                {
                                    "url": "https://www.shararam.ru/game",
                                    "title": "Шарарам"
                                }
                            ]
                        }
                    ],
                    "selected": 0
                }
            ],
            "selectedWindow": 0
        },
        {
            "name": "Previous Session",
            "windows": [
                {
                    "width": 941,
                    "height": 546,
                    "screenX": -45,
                    "screenY": 23,
                    "state": 3,
                    "tabs": [
                        {
                            "index": 2,
                            "scrollX": 0,
                            "scrollY": 0,
                            "entries": [
                                {
                                    "url": "https://www.shararam.ru/game",
                                    "title": "Шарарам"
                                },
                                {
                                    "url": "https://www.shararam.ru/game",
                                    "title": "Шарарам"
                                },
                                {
                                    "url": "https://www.shararam.ru/game",
                                    "title": "Шарарам"
                                }
                            ]
                        }
                    ],
                    "selected": 0
                }
            ],
            "selectedWindow": 0
        }
    ]
}